,Model,Best Parameters,Train MAE,Train RMSE,Train R^2,Test MAE,Test RMSE,Test R^2
0,Lasso Regression,alpha=0.0001,0.3474475953477809,0.46250223646276184,0.5853949096534095,0.34073447387282696,0.4530150351126405,0.5954889771101808
1,Random Forest,"{'max_depth': 25, 'min_samples_leaf': 4, 'min_samples_split': 2, 'n_estimators': 300}",0.16638022692509494,0.24323750499042224,0.8853251883303218,0.28543974721691767,0.39291506370756446,0.6956996253803287
2,XGBoost,"{'colsample_bytree': 0.7, 'learning_rate': 0.05, 'max_depth': 10, 'n_estimators': 300, 'subsample': 0.8}",0.15440488396338223,0.2098608967894673,0.914636934190925,0.2707724188542991,0.3750326134495558,0.7227681001539432
3,Gradient Boosting,"{'learning_rate': 0.1, 'max_depth': 7, 'min_samples_split': 10, 'n_estimators': 300, 'subsample': 1.0}",0.22247416985937954,0.29996113672545055,0.8256038323732788,0.2744528771685463,0.379256475016262,0.7164882015747336
4,MLP Regressor,"{'activation': 'relu', 'hidden_layer_sizes': (50,), 'learning_rate_init': 0.001, 'solver': 'lbfgs'}",0.27770376609367614,0.37846628473718286,0.7223732242476315,0.2887847007745978,0.3943246430446045,0.6935123591683034
5,Ensemble,Optimized Weights: [0.2 0.4 0.2 0.2],,,,0.26989763709220743,0.3733788955153028,0.7252076349789587
