,Model,Best Parameters,Train MAE,Train RMSE,Train R^2,Test MAE,Test RMSE,Test R^2
0,Linear Regression,Default,0.3474442252660933,0.462501119684236,0.5853969118988737,0.34073927467813625,0.45302666821491167,0.5954682017356165
1,Random Forest,"{'max_depth': 15, 'min_samples_leaf': 4, 'min_samples_split': 2, 'n_estimators': 200}",0.22291721401104073,0.3035470649237211,0.8214092210830958,0.290271722850355,0.3976967457975583,0.6882480324093048
2,XGBoost,"{'colsample_bytree': 0.7, 'learning_rate': 0.05, 'max_depth': 10, 'n_estimators': 200, 'subsample': 0.8}",0.1847849064955232,0.24955162319488028,0.879294307020746,0.2721022773030898,0.3764878604351624,0.7206124282887614
3,Gradient Boosting,"{'learning_rate': 0.1, 'max_depth': 7, 'min_samples_split': 10, 'n_estimators': 200, 'subsample': 0.8}",0.2351801189018268,0.3143587847355198,0.8084605844264268,0.2769112582507698,0.38099592623142103,0.7138815968266581
4,MLP Regressor,"{'activation': 'relu', 'hidden_layer_sizes': (50,), 'learning_rate_init': 0.001, 'solver': 'lbfgs'}",0.2776666450807131,0.3782976588294711,0.7226205627277633,0.28870215663726195,0.3940374915323843,0.6939585719361745
5,Ensemble,Optimized Weights: [0.2  0.5  0.15 0.15],,,,0.2720417487671739,0.3757262055070283,0.7217417166056479
